Formula,d2occu,Slog,S,Sclass,Ea,a,c,a/c,h,d,Vcalc,,D1eneff,D2eneff,D3eneff,,,RelPvol,RelSivol,RelD1vol,RelD2vol,RelD3vol,,Totalvol,Pestimvol,Siestimvol,D1vol,D2vol,D3vol,,,Pestimrad,Siestimrad,Pvolpermolecule,Sivolpermolecule,D1volperatom,D2volperatom,D3volperatom,D1ionicr,D2ionicr,D3ionicr,D1eff,D2eff,D3eff,Ga,Sc,Y,Yb,Cr,Al,In,Co,Cu,Zn,Mg,Mo,Nb,Sn,Hf,Ge,Ti,Zr,SiO4,Na,PO4,Fe,D1eneg,D2eneg,D3eneg
NaZr2(PO4)3,1,-5.346787486,0.0000045,1,0.47,8.792,22.842,0.384905,12.43376564,26.00683549,1529.114891,,0.93,1.33,1.33,,,0.99461715,0,0.002448153,0.001467349,0.001467349,,1815.72578,1805.952,0,4.445173921,2.664302892,2.664302892,,,9.072761768,0,601.984,665.842,4.445173921,2.664302892,2.664302892,1.02,0.86,0.86,1.02,0.86,0.86,0,0,0,0,0,0,0,0,0,0,0,0,0,0,0,0,0,2,0,1,3,0,0.93,1.33,1.33
NaGe2(PO4)3,1,-11.95860731,1.10E-12,0,0.81,8.146,21.504,0.378813244,11.52018368,24.39542269,1235.772978,,0.93,2.01,2.01,,,0.996158214,0,0.002451946,0.00069492,0.00069492,,1812.916838,1805.952,0,4.445173921,1.259832044,1.259832044,,,9.072761768,0,601.984,665.842,4.445173921,1.259832044,1.259832044,1.02,0.67,0.67,1.02,0.67,0.67,0,0,0,0,0,0,0,0,0,0,0,0,0,0,0,2,0,0,0,1,3,0,0.93,2.01,2.01
NaTi2(PO4)3,1,-9.353596274,4.43E-10,0,0.62,8.457,21.972,0.384898962,11.9600041,25.01620439,1360.920899,,0.93,1.54,1.54,,,0.995639552,0,0.002450669,0.000954889,0.000954889,,1813.861247,1805.952,0,4.445173921,1.732036583,1.732036583,,,9.072761768,0,601.984,665.842,4.445173921,1.732036583,1.732036583,1.02,0.745,0.745,1.02,0.745,0.745,0,0,0,0,0,0,0,0,0,0,0,0,0,0,0,0,2,0,0,1,3,0,0.93,1.54,1.54
NaHf2(PO4)3,1,-9.057000407,8.77E-10,0,0.65,8.755,22.746,0.38490284,12.38143974,25.89750115,1509.899243,,0.93,1.3,1.3,,,0.994717803,0,0.0024484,0.001416898,0.001416898,,1815.542051,1805.952,0,4.445173921,2.572438612,2.572438612,,,9.072761768,0,601.984,665.842,4.445173921,2.572438612,2.572438612,1.02,0.85,0.85,1.02,0.85,0.85,0,0,0,0,0,0,0,0,0,0,0,0,0,0,2,0,0,0,0,1,3,0,0.93,1.3,1.3
NaSn2(PO4)3,1,-8.332547047,4.65E-09,0,0.47,8.5002,22.5413,0.377094489,12.02109812,25.54636972,1410.483075,,0.93,1.96,1.96,,,0.994912172,0,0.002448879,0.001319475,0.001319475,,1815.187361,1805.952,0,4.445173921,2.395093762,2.395093762,,,9.072761768,0,601.984,665.842,4.445173921,2.395093762,2.395093762,1.02,0.83,0.83,1.02,0.83,0.83,0,0,0,0,0,0,0,0,0,0,0,0,0,2,0,0,0,0,0,1,3,0,0.93,1.96,1.96
NaGe0.5Ti1.5(PO4)3,0.5,-12.22841252,5.91E-13,0,0.798,8.403,21.673,0.387717436,11.88363656,24.71719537,1325.312792,,0.93,1.005,2.31,,,0.995769167,0,0.002450988,0.000347324,0.00143252,,1813.625145,1805.952,0,4.445173921,0.629916022,2.598054875,,,9.072761768,0,601.984,665.842,4.445173921,1.259832044,1.732036583,1.02,0.67,0.745,1.02,0.335,1.1175,0,0,0,0,0,0,0,0,0,0,0,0,0,0,0,0.5,1.5,0,0,1,3,0,0.93,2.01,1.54
NaGeTi(PO4)3,1,-11.07058107,8.50E-12,0,0.7,8.324,21.654,0.384409347,11.77191369,24.64698091,1299.370215,,0.93,2.01,1.54,,,0.995898816,0,0.002451307,0.000694739,0.000955138,,1813.389043,1805.952,0,4.445173921,1.259832044,1.732036583,,,9.072761768,0,601.984,665.842,4.445173921,1.259832044,1.732036583,1.02,0.67,0.745,1.02,0.67,0.745,0,0,0,0,0,0,0,0,0,0,0,0,0,0,0,1,1,0,0,1,3,0,0.93,2.01,1.54
NaGe1.5Ti0.5(PO4)3,1.5,-10.50445566,3.13E-11,0,0.71,8.1742,21.559,0.379154877,11.5600645,24.46273845,1247.526453,,0.93,3.015,0.77,,,0.996028498,0,0.002451627,0.001042244,0.000477631,,1813.15294,1805.952,0,4.445173921,1.889748066,0.866018292,,,9.072761768,0,601.984,665.842,4.445173921,1.259832044,1.732036583,1.02,0.67,0.745,1.02,1.005,0.3725,0,0,0,0,0,0,0,0,0,0,0,0,0,0,0,1.5,0.5,0,0,1,3,0,0.93,2.01,1.54
NaSn0.5Ti1.5(PO4)3,0.5,-10.75202673,1.77E-11,0,0.637,8.513,22.365,0.380639392,12.03920006,25.39951895,1403.669299,,0.93,2.94,2.31,,,0.995457607,0,0.002450221,0.000660099,0.001432072,,1814.192776,1805.952,0,4.445173921,1.197546881,2.598054875,,,9.072761768,0,601.984,665.842,4.445173921,2.395093762,1.732036583,1.02,0.83,0.745,1.02,0.415,1.1175,0,0,0,0,0,0,0,0,0,0,0,0,0,0.5,0,0,1.5,0,0,1,3,0,0.93,1.96,1.54
NaSnTi(PO4)3,1,-10.16367588,6.86E-11,0,0.62,8.537,22.084,0.386569462,12.07314118,25.16870664,1393.859287,,0.93,1.96,1.54,,,0.995275729,0,0.002449774,0.001319957,0.00095454,,1814.524304,1805.952,0,4.445173921,2.395093762,1.732036583,,,9.072761768,0,601.984,665.842,4.445173921,2.395093762,1.732036583,1.02,0.83,0.745,1.02,0.83,0.745,0,0,0,0,0,0,0,0,0,0,0,0,0,1,0,0,1,0,0,1,3,0,0.93,1.96,1.54
NaSn1.5Ti0.5(PO4)3,1.5,-9.289036881,5.14E-10,0,0.54,8.523,22.235,0.383314594,12.05334219,25.29186199,1398.79072,,0.93,2.94,0.77,,,0.995093917,0,0.002449326,0.001979574,0.000477183,,1814.855833,1805.952,0,4.445173921,3.592640643,0.866018292,,,9.072761768,0,601.984,665.842,4.445173921,2.395093762,1.732036583,1.02,0.83,0.745,1.02,1.245,0.3725,0,0,0,0,0,0,0,0,0,0,0,0,0,1.5,0,0,0.5,0,0,1,3,0,0.93,1.96,1.54
NaSn0.5Zr1.5(PO4)3,0.5,-10.37365963,4.23E-11,0,0.63,8.525,21.974,0.387958496,12.05617062,25.0640764,1383.020212,,0.93,0.98,1.995,,,0.994690889,0,0.002448334,0.000659591,0.002201186,,1815.591175,1805.952,0,4.445173921,1.197546881,3.996454338,,,9.072761768,0,601.984,665.842,4.445173921,2.395093762,2.664302892,1.02,0.83,0.86,1.02,0.415,1.29,0,0,0,0,0,0,0,0,0,0,0,0,0,0.5,0,0,0,1.5,0,1,3,0,0.93,1.96,1.33
NaSnZr(PO4)3,1,-9.607303047,2.47E-10,0,0.63,8.6943,22.473,0.386877586,12.29559698,25.61674128,1471.16345,,0.93,1.96,1.33,,,0.994764639,0,0.002448516,0.001319279,0.001467566,,1815.456571,1805.952,0,4.445173921,2.395093762,2.664302892,,,9.072761768,0,601.984,665.842,4.445173921,2.395093762,2.664302892,1.02,0.83,0.86,1.02,0.83,0.86,0,0,0,0,0,0,0,0,0,0,0,0,0,1,0,0,0,1,0,1,3,0,0.93,1.96,1.33
NaSn1.5Zr0.5(PO4)3,1.5,-9.101823517,7.91E-10,0,0.59,8.623,22.357,0.385695755,12.19476355,25.46659983,1439.66329,,0.93,2.94,0.665,,,0.9948384,0,0.002448697,0.001979065,0.000733838,,1815.321966,1805.952,0,4.445173921,3.592640643,1.332151446,,,9.072761768,0,601.984,665.842,4.445173921,2.395093762,2.664302892,1.02,0.83,0.86,1.02,1.245,0.43,0,0,0,0,0,0,0,0,0,0,0,0,0,1.5,0,0,0,0.5,0,1,3,0,0.93,1.96,1.33
NaNbZr(PO4)3,1,-7.603800653,2.49E-08,0,0.54,8.776,22.431,0.39124426,12.41113822,25.63564146,1496.140903,,0.93,1.6,1.33,,,0.994811507,0,0.002448631,0.001272226,0.001467635,,1815.37104,1805.952,0,4.445173921,2.309562927,2.664302892,,,9.072761768,0,601.984,665.842,4.445173921,2.309562927,2.664302892,1.02,0.82,0.86,1.02,0.82,0.86,0,0,0,0,0,0,0,0,0,0,0,0,1,0,0,0,0,1,0,1,3,0,0.93,1.6,1.33
NaNbTi(PO4)3,1,-5.798602876,0.00000159,1,0.38,8.64,22.001,0.392709422,12.21880518,25.16631083,1422.330548,,0.93,1.6,1.54,,,0.995322645,0,0.002449889,0.00127288,0.000954585,,1814.438773,1805.952,0,4.445173921,2.309562927,1.732036583,,,9.072761768,0,601.984,665.842,4.445173921,2.309562927,1.732036583,1.02,0.82,0.745,1.02,0.82,0.745,0,0,0,0,0,0,0,0,0,0,0,0,1,0,0,0,1,0,0,1,3,0,0.93,1.6,1.54
NaMoZr(PO4)3,1,-8.68613278,2.06E-09,0,0.55,8.721,22.401,0.389312977,12.33335648,25.57179077,1475.470772,,0.93,2.16,1.33,,,0.994945415,0,0.002448961,0.001137791,0.001467833,,1815.126712,1805.952,0,4.445173921,2.065235189,2.664302892,,,9.072761768,0,601.984,665.842,4.445173921,2.065235189,2.664302892,1.02,0.79,0.86,1.02,0.79,0.86,0,0,0,0,0,0,0,0,0,0,0,1,0,0,0,0,0,1,0,1,3,0,0.93,2.16,1.33
NaMoTi(PO4)3,1,-6.512861625,0.000000307,0,0.4,8.545,21.881,0.390521457,12.08445489,24.99624394,1383.636251,,0.93,2.16,1.54,,,0.995456691,0,0.002450219,0.001138376,0.000954714,,1814.194446,1805.952,0,4.445173921,2.065235189,1.732036583,,,9.072761768,0,601.984,665.842,4.445173921,2.065235189,1.732036583,1.02,0.79,0.745,1.02,0.79,0.745,0,0,0,0,0,0,0,0,0,0,0,1,0,0,0,0,1,0,0,1,3,0,0.93,2.16,1.54
Na3Zr2(SiO4)2(PO4),1,-3.173925197,0.00067,1,0.33,9.021,9.206,0.97990441,12.75762055,15.7323653,1616,,2.79,1.33,1.33,,,0.308340979,0.682099107,0.00683056,0.001364677,0.001364677,,1952.332128,601.984,1331.684,13.33552176,2.664302892,2.664302892,,,9.072761768,0,601.984,665.842,4.445173921,2.664302892,2.664302892,1.02,0.86,0.86,3.06,0.86,0.86,0,0,0,0,0,0,0,0,0,0,0,0,0,0,0,0,0,2,2,3,1,0,0.93,1.33,1.33
Na4Zr2(SiO4)3,1,-8.05207638,8.87E-09,0,0.38,9.1,22.07,0.412324422,12.86934342,25.54808995,1582.762491,,3.72,1.33,1.33,,,0.471948464,0.522012394,0.00464662,0.000696261,0.000696261,,3826.587301,1805.952,1997.526,17.78069568,2.664302892,2.664302892,,,9.072761768,9.383207814,601.984,665.842,4.445173921,2.664302892,2.664302892,1.02,0.86,0.86,4.08,0.86,0.86,0,0,0,0,0,0,0,0,0,0,0,0,0,0,0,0,0,2,3,4,3,0,0.93,1.33,1.33
Na2.4Hf2(SiO4)1.4(PO4)1.6,1,-3.13667714,0.00073,1,0.4,8.945,22.81,0.392152565,12.65014032,26.08298583,1580.580453,,2.232,1.3,1.3,,,0.503972,0.487753842,0.00558215,0.001346004,0.001346004,,1911.166495,963.1744,932.1788,10.66841741,2.572438612,2.572438612,,,6.625808372,6.409951233,601.984,665.842,4.445173921,2.572438612,2.572438612,1.02,0.85,0.85,2.448,0.85,0.85,0,0,0,0,0,0,0,0,0,0,0,0,0,0,2,0,0,0,1.4,2.4,1.6,0,0.93,1.3,1.3
Na2.6Hf2(SiO4)1.6(PO4)1.4,1,-3.229147988,0.00059,1,0.35,8.966,22.82,0.392900964,12.6798388,26.10614319,1588.70675,,2.418,1.3,1.3,,,0.437845865,0.553476821,0.00600441,0.001336452,0.001336452,,1924.827129,842.7776,1065.3472,11.55745219,2.572438612,2.572438612,,,6.19787621,6.852526109,601.984,665.842,4.445173921,2.572438612,2.572438612,1.02,0.85,0.85,2.652,0.85,0.85,0,0,0,0,0,0,0,0,0,0,0,0,0,0,2,0,0,0,1.6,2.6,1.4,0,0.93,1.3,1.3
Na2.8Hf2(SiO4)1.8(PO4)1.2,1,-3.161150909,0.00069,1,0.42,8.982,22.89,0.392398427,12.70246622,26.17832592,1599.272707,,2.604,1.3,1.3,,,0.37265172,0.618273492,0.00642072,0.001327034,0.001327034,,1938.487764,722.3808,1198.5156,12.44648698,2.572438612,2.572438612,,,5.738118371,7.26820152,601.984,665.842,4.445173921,2.572438612,2.572438612,1.02,0.85,0.85,2.856,0.85,0.85,0,0,0,0,0,0,0,0,0,0,0,0,0,0,2,0,0,0,1.8,2.8,1.2,0,0.93,1.3,1.3
Na3Hf2(SiO4)2(PO4),1,-2.958607315,0.0011,1,0.35,9.021,22.89,0.394102228,12.75762055,26.20513274,1613.190999,,2.79,1.3,1.3,,,0.308369999,0.682163303,0.006831203,0.001317747,0.001317747,,1952.148399,601.984,1331.684,13.33552176,2.572438612,2.572438612,,,5.238161449,7.661357099,601.984,665.842,4.445173921,2.572438612,2.572438612,1.02,0.85,0.85,3.06,0.85,0.85,0,0,0,0,0,0,0,0,0,0,0,0,0,0,2,0,0,0,2,3,1,0,0.93,1.3,1.3
Na3.2Hf2(SiO4)2.2(PO4)0.8,1,-2.638272164,0.0023,1,0.36,9.043,22.8,0.396622807,12.78873324,26.14176157,1614.695148,,2.976,1.3,1.3,,,0.24498168,0.745165158,0.007235981,0.00130859,0.00130859,,1965.809034,481.5872,1464.8524,14.22455655,2.572438612,2.572438612,,,4.685154031,8.035299114,601.984,665.842,4.445173921,2.572438612,2.572438612,1.02,0.85,0.85,3.264,0.85,0.85,0,0,0,0,0,0,0,0,0,0,0,0,0,0,2,0,0,0,2.2,3.2,0.8,0,0.93,1.3,1.3
Na3.4Hf2(SiO4)2.4(PO4)0.6,1,-2.853871964,0.0014,1,0.35,9.056,22.63,0.400176757,12.80711802,26.00267625,1607.266946,,3.162,1.3,1.3,,,0.182468267,0.807297442,0.007635172,0.001299559,0.001299559,,1979.469669,361.1904,1598.0208,15.11359133,2.572438612,2.572438612,,,4.057462411,8.392596208,601.984,665.842,4.445173921,2.572438612,2.572438612,1.02,0.85,0.85,3.468,0.85,0.85,0,0,0,0,0,0,0,0,0,0,0,0,0,0,2,0,0,0,2.4,3.4,0.6,0,0.93,1.3,1.3
Na3.6Hf2(SiO4)2.6(PO4)0.4,1,-2.920818754,0.0012,1,0.34,9.084,22.481,0.404074552,12.846716,25.89273012,1606.573164,,3.348,1.3,1.3,,,0.12081177,0.868578034,0.008028891,0.001290653,0.001290653,,1993.130303,240.7936,1731.1892,16.00262612,2.572438612,2.572438612,,,3.312904186,8.735291087,601.984,665.842,4.445173921,2.572438612,2.572438612,1.02,0.85,0.85,3.672,0.85,0.85,0,0,0,0,0,0,0,0,0,0,0,0,0,0,2,0,0,0,2.6,3.6,0.4,0,0.93,1.3,1.3
Na3.8Hf2(SiO4)2.8(PO4)0.2,1,-3.494850022,0.00032,1,0.35,9.111,23.309,0.39087906,12.88489977,26.6332522,1675.661791,,3.534,2.6,1.3,,,0.05999469,0.929024327,0.00841725,0.001281867,0.001281867,,2006.790938,120.3968,1864.3576,16.8916609,2.572438612,2.572438612,,,2.342577015,9.065039968,601.984,665.842,4.445173921,2.572438612,2.572438612,1.02,0.85,0.85,3.876,0.85,0.85,0,0,0,0,0,0,0,0,0,0,0,0,0,0,2,0,0,0,2.8,3.8,0.2,0,0.93,1.3,1.3
Na1.2In0.2Zr1.8(PO4)3,0.2,-6.681936665,0.000000208,0,0.49,8.8198,22.7217,0.388166378,12.47308078,25.92013493,1530.695929,,1.116,0.356,2.394,,,0.994041219,0,0.002936082,0.000383001,0.002639698,,1816.777782,1805.952,0,5.334208705,0.695827837,4.795745206,,,9.072761768,0,601.984,665.842,4.445173921,3.479139185,2.664302892,1.02,0.94,0.86,1.224,0.188,1.548,0,0,0,0,0,0,0.2,0,0,0,0,0,0,0,0,0,0,1.8,0,1.2,3,0,0.93,1.78,1.33
Na1.4In0.4Zr1.6(PO4)3,0.4,-6.010550182,0.000000976,0,0.45,8.83778,22.6913,0.389478787,12.49850834,25.90574852,1534.886909,,1.302,0.712,2.128,,,0.993465954,0,0.003423447,0.000765559,0.002345041,,1817.829784,1805.952,0,6.223243489,1.391655674,4.262884627,,,9.072761768,0,601.984,665.842,4.445173921,3.479139185,2.664302892,1.02,0.94,0.86,1.428,0.376,1.376,0,0,0,0,0,0,0.4,0,0,0,0,0,0,0,0,0,0,1.6,0,1.4,3,0,0.93,1.78,1.33
Na1.5Al0.5Zr1.5(PO4)3,0.5,-5.244125144,0.0000057,1,0.54,8.7991,22.7283,0.387142901,12.44380656,25.91184946,1523.961837,,1.395,0.805,1.995,,,0.99377726,0,0.003669128,0.000354448,0.002199164,,1817.260339,1805.952,0,6.667760881,0.644124125,3.996454338,,,9.072761768,0,601.984,665.842,4.445173921,1.288248249,2.664302892,1.02,0.675,0.86,1.53,0.3375,1.29,0,0,0,0,0,0.5,0,0,0,0,0,0,0,0,0,0,0,1.5,0,1.5,3,0,0.93,1.61,1.33
Na1.5Cr0.5Zr1.5(PO4)3,0.5,-5,0.00001,1,0.425,8.7382,22.4651,0.388967777,12.35768095,25.63967622,1485.535207,,1.395,0.83,1.995,,,0.993636608,0,0.003668609,0.00049593,0.002198853,,1817.517577,1805.952,0,6.667760881,0.901361703,3.996454338,,,9.072761768,0,601.984,665.842,4.445173921,1.802723405,2.664302892,1.02,0.755,0.86,1.53,0.3775,1.29,0,0,0,0,0.5,0,0,0,0,0,0,0,0,0,0,0,0,1.5,0,1.5,3,0,0.93,1.66,1.33
Na1.5Ga0.5Zr1.5(PO4)3,0.5,-5.468521083,0.0000034,1,0.518,8.7801,22.7514,0.385914713,12.4169365,25.91923058,1518.929729,,1.395,0.905,1.995,,,0.993626753,0,0.003668572,0.000505843,0.002198831,,1817.535604,1805.952,0,6.667760881,0.919388408,3.996454338,,,9.072761768,0,601.984,665.842,4.445173921,1.838776816,2.664302892,1.02,0.76,0.86,1.53,0.38,1.29,0.5,0,0,0,0,0,0,0,0,0,0,0,0,0,0,0,0,1.5,0,1.5,3,0,0.93,1.81,1.33
Na1.5In0.5Zr1.5(PO4)3,0.5,-4.537602002,0.000029,1,0.477,8.8283,22.6401,0.389940857,12.48510159,25.85443656,1528.13998,,1.395,0.89,1.995,,,0.993178571,0,0.003666918,0.000956672,0.00219784,,1818.355785,1805.952,0,6.667760881,1.739569592,3.996454338,,,9.072761768,0,601.984,665.842,4.445173921,3.479139185,2.664302892,1.02,0.94,0.86,1.53,0.47,1.29,0,0,0,0,0,0,0.5,0,0,0,0,0,0,0,0,0,0,1.5,0,1.5,3,0,0.93,1.78,1.33
Na1.5Sc0.5Zr1.5(PO4)3,0.5,-4.236572006,0.000058,1,0.425,8.8411,22.6746,0.38991206,12.50320353,25.8933888,1534.909845,,1.395,0.68,1.995,,,0.993335809,0,0.003667498,0.000798506,0.002198188,,1818.067953,1805.952,0,6.667760881,1.451737378,3.996454338,,,9.072761768,0,601.984,665.842,4.445173921,2.903474757,2.664302892,1.02,0.885,0.86,1.53,0.4425,1.29,0,0.5,0,0,0,0,0,0,0,0,0,0,0,0,0,0,0,1.5,0,1.5,3,0,0.93,1.36,1.33
Na1.5Y0.5Zr1.5(PO4)3,0.5,-4.251811973,0.000056,1,0.378,8.8782,22.7761,0.389803346,12.55567085,26.00760661,1554.747406,,1.395,0.61,1.995,,,0.992842044,0,0.003665675,0.001295186,0.002197095,,1818.972123,1805.952,0,6.667760881,2.355907663,3.996454338,,,9.072761768,0,601.984,665.842,4.445173921,4.711815325,2.664302892,1.02,1.04,0.86,1.53,0.52,1.29,0,0,0.5,0,0,0,0,0,0,0,0,0,0,0,0,0,0,1.5,0,1.5,3,0,0.93,1.22,1.33
Na1.5Yb0.5Zr1.5(PO4)3,0.5,-4.522878745,0.00003,1,0.425,8.8841,22.7965,0.389713333,12.56401471,26.02950015,1558.208906,,1.395,0.55,1.995,,,0.992957142,0,0.0036661,0.001179408,0.00219735,,1818.761277,1805.952,0,6.667760881,2.145061969,3.996454338,,,9.072761768,0,601.984,665.842,4.445173921,4.290123938,2.664302892,1.02,1.008,0.86,1.53,0.504,1.29,0,0,0,0.5,0,0,0,0,0,0,0,0,0,0,0,0,0,1.5,0,1.5,3,0,0.93,1.1,1.33
Na2AlZr(PO4)3,1,-5.920818754,0.0000012,1,0.586,8.7682,22.6821,0.386569145,12.40010736,25.85034473,1510.201117,,1.86,1.61,1.33,,,0.992938787,0,0.004888043,0.000708298,0.001464873,,1818.794899,1805.952,0,8.890347842,1.288248249,2.664302892,,,9.072761768,0,601.984,665.842,4.445173921,1.288248249,2.664302892,1.02,0.675,0.86,2.04,0.675,0.86,0,0,0,0,0,1,0,0,0,0,0,0,0,0,0,0,0,1,0,2,3,0,0.93,1.61,1.33
Na2CrZr(PO4)3,1,-4.602059991,0.000025,1,0.409,8.7242,22.2799,0.391572673,12.33788196,25.46796567,1468.571498,,1.86,1.66,1.33,,,0.992657997,0,0.004886661,0.000990883,0.001464458,,1819.309374,1805.952,0,8.890347842,1.802723405,2.664302892,,,9.072761768,0,601.984,665.842,4.445173921,1.802723405,2.664302892,1.02,0.755,0.86,2.04,0.755,0.86,0,0,0,0,1,0,0,0,0,0,0,0,0,0,0,0,0,1,0,2,3,0,0.93,1.66,1.33
Na2.2In1.2Zr0.8(PO4)3,1.2,-5.580044252,0.00000263,1,0.42,8.90247,22.4943,0.395765594,12.58999381,25.77792615,1543.917722,,2.046,1.78,1.064,,,0.991171538,0,0.005367278,0.002291372,0.001169812,,1822.037792,1805.952,0,9.779382626,4.174967022,2.131442314,,,9.072761768,0,601.984,665.842,4.445173921,3.479139185,2.664302892,1.02,0.94,0.86,2.244,1.128,0.688,0,0,0,0,0,0,1.2,0,0,0,0,0,0,0,0,0,0,0.8,0,2.2,3,0,0.93,1.78,1.33
Na2.5Cr1.5Zr0.5(PO4)3,1.5,-3.744727495,0.00018,1,0.425,8.6713,21.96717,0.394739058,12.26307006,25.1582878,1430.451594,,2.325,2.49,0.665,,,0.991681313,0,0.006102316,0.001484863,0.000731509,,1821.101171,1805.952,0,11.1129348,2.704085108,1.332151446,,,9.072761768,0,601.984,665.842,4.445173921,1.802723405,2.664302892,1.02,0.755,0.86,2.55,1.1325,0.43,0,0,0,0,1.5,0,0,0,0,0,0,0,0,0,0,0,0,0.5,0,2.5,3,0,0.93,1.66,1.33
Na2.5In1.5Zr0.5(PO4)3,1.5,-4,0.0001,1,0.472,8.9083,22.40012,0.397689834,12.59823868,25.69982478,1539.467925,,2.325,2.67,0.665,,,0.990313862,0,0.006093901,0.002861737,0.0007305,,1823.615795,1805.952,0,11.1129348,5.218708777,1.332151446,,,9.072761768,0,601.984,665.842,4.445173921,3.479139185,2.664302892,1.02,0.94,0.86,2.55,1.41,0.43,0,0,0,0,0,0,1.5,0,0,0,0,0,0,0,0,0,0,0.5,0,2.5,3,0,0.93,1.78,1.33
Na2.5Sc1.5Zr0.5(PO4)3,1.5,-3.251811973,0.00056,1,0.357,8.8991,22.4445,0.396493573,12.58522791,25.73214997,1539.33357,,2.325,2.04,0.665,,,0.990783005,0,0.006096788,0.00238936,0.000730846,,1822.752298,1805.952,0,11.1129348,4.355212135,1.332151446,,,9.072761768,0,601.984,665.842,4.445173921,2.903474757,2.664302892,1.02,0.885,0.86,2.55,1.3275,0.43,0,1.5,0,0,0,0,0,0,0,0,0,0,0,0,0,0,0,0.5,0,2.5,3,0,0.93,1.36,1.33
Na2.5Y1.5Zr0.5(PO4)3,1.5,-4.337242168,0.000046,1,0.456,8.9762,22.8656,0.392563502,12.69426378,26.15301123,1595.505387,,2.325,1.83,0.665,,,0.989310772,0,0.006087729,0.003871739,0.00072976,,1825.464809,1805.952,0,11.1129348,7.067722988,1.332151446,,,9.072761768,0,601.984,665.842,4.445173921,4.711815325,2.664302892,1.02,1.04,0.86,2.55,1.56,0.43,0,0,1.5,0,0,0,0,0,0,0,0,0,0,0,0,0,0,0.5,0,2.5,3,0,0.93,1.22,1.33
Na2.5Yb1.5Zr0.5(PO4)3,1.5,-3.721246399,0.00019,1,0.544,9.0363,22.76313,0.396970891,12.77925801,26.10497123,1609.696101,,2.325,1.65,0.665,,,0.989653695,0,0.006089839,0.003526453,0.000730013,,1824.832272,1805.952,0,11.1129348,6.435185908,1.332151446,,,9.072761768,0,601.984,665.842,4.445173921,4.290123938,2.664302892,1.02,1.008,0.86,2.55,1.512,0.43,0,0,0,1.5,0,0,0,0,0,0,0,0,0,0,0,0,0,0.5,0,2.5,3,0,0.93,1.1,1.33
Na2.6In1.6Zr0.4(PO4)3,1.6,-5.55129368,0.00000281,1,0.46,8.93731,22.40444,0.398907984,12.63926501,25.72372352,1549.80968,,2.418,2.848,0.532,,,0.990028299,0,0.00633583,0.003051639,0.000584232,,1824.141796,1805.952,0,11.55745219,5.566622696,1.065721157,,,9.072761768,0,601.984,665.842,4.445173921,3.479139185,2.664302892,1.02,0.94,0.86,2.652,1.504,0.344,0,0,0,0,0,0,1.6,0,0,0,0,0,0,0,0,0,0,0.4,0,2.6,3,0,0.93,1.78,1.33
Na2.8In1.8Zr0.2(PO4)3,1.8,-5.623423043,0.00000238,1,0.43,8.9555,22.35393,0.400623067,12.66498956,25.69241419,1552.616491,,2.604,3.204,0.266,,,0.981910997,0,0.006767258,0.011032025,0.000289721,,1839.221687,1805.952,0,12.44648698,20.29033973,0.532860578,,,9.072761768,0,601.984,665.842,4.445173921,3.479139185,2.664302892,1.02,0.94,0.86,2.856,1.692,0.172,0,0,0,0,0,0,1.8,0,0,0,0,0,0,0,0,0,0,0.2,0,2.8,3,0,0.93,1.78,1.33
Na3Cr2(PO4)3,1,-6.769551079,0.00000017,0,0.68,8.6432,21.6193,0.399790928,12.22333066,24.83553794,1398.61,,2.79,1.66,1.66,,,0.990706548,0,0.007315581,0.000988935,0.000988935,,1822.892969,1805.952,0,13.33552176,1.802723405,1.802723405,,,9.072761768,0,601.984,665.842,4.445173921,1.802723405,1.802723405,1.02,0.755,0.755,3.06,0.755,0.755,0,0,0,0,2,0,0,0,0,0,0,0,0,0,0,0,0,0,0,3,3,0,0.93,1.66,1.66
Na3Fe2(PO4)3,1,-6.920818754,0.00000012,0,0.82,8.72702,21.80779,0.400179019,12.34187004,25.05796202,1438.38,,2.79,1.83,1.83,,,0.991170538,0,0.007319008,0.000755227,0.000755227,,1822.03963,1805.952,0,13.33552176,1.376054119,1.376054119,,,9.072761768,0,601.984,665.842,4.445173921,1.376054119,1.376054119,1.02,0.69,0.69,3.06,0.755,0.755,0,0,0,0,0,0,0,0,0,0,0,0,0,0,0,0,0,0,0,3,3,2,0.93,1.83,1.83
Na3Sc2(PO4)3,1,-4.643974143,0.0000227,1,0.352,8.9314,22.326,0.400044791,12.63090701,25.65131747,1542.2,,2.79,1.36,1.36,,,0.989511518,0,0.007306757,0.001590863,0.001590863,,1825.094471,1805.952,0,13.33552176,2.903474757,2.903474757,,,9.072761768,0,601.984,665.842,4.445173921,2.903474757,2.903474757,1.02,0.885,0.885,3.06,0.755,0.755,0,2,0,0,0,0,0,0,0,0,0,0,0,0,0,0,0,0,0,3,3,0,0.93,1.36,1.36
Na1.4Al0.4Ge1.6(PO4)3,0.4,-9.137868621,7.28E-10,0,0.63,8.1427,21.5,0.378730233,11.51551677,24.38969304,1234.542259,,1.302,0.644,3.216,,,0.995175928,0,0.003429339,0.000283957,0.001110776,,1814.706274,1805.952,0,6.223243489,0.5152993,2.015731271,,,9.072761768,0,601.984,665.842,4.445173921,1.288248249,1.259832044,1.02,0.675,0.67,1.428,0.27,1.072,0,0,0,0,0,0.4,0,0,0,0,0,0,0,0,0,1.6,0,0,0,1.4,3,0,0.93,1.61,2.01
Na1.4Al0.4Sn1.6(PO4)3,0.4,-7.850780887,1.41E-08,0,0.57,8.5346,22.3847,0.381269349,12.06974707,25.4313505,1412.044075,,1.302,0.644,3.136,,,0.994180809,0,0.00342591,0.000283673,0.002109608,,1816.522693,1805.952,0,6.223243489,0.5152993,3.832150019,,,9.072761768,0,601.984,665.842,4.445173921,1.288248249,2.395093762,1.02,0.675,0.83,1.428,0.27,1.328,0,0,0,0,0,0.4,0,0,0,0,0,0,0,1.6,0,0,0,0,0,1.4,3,0,0.93,1.61,1.96
Na1.4Al0.4Ti1.6(PO4)3,0.4,-7.251811973,0.000000056,0,0.52,8.4748,21.769,0.389305894,11.9851771,24.85022799,1354.02919,,1.302,0.644,2.464,,,0.994761773,0,0.003427912,0.000283839,0.001526476,,1815.461801,1805.952,0,6.223243489,0.5152993,2.771258533,,,9.072761768,0,601.984,665.842,4.445173921,1.288248249,1.732036583,1.02,0.675,0.745,1.428,0.27,1.192,0,0,0,0,0,0.4,0,0,0,0,0,0,0,0,0,0,1.6,0,0,1.4,3,0,0.93,1.61,1.54
Na1.6Al0.6Ti1.4(PO4)3,0.6,-6.958607315,0.00000011,0,0.56,8.48251,21.66916,0.391455414,11.99608068,24.76809332,1350.272643,,1.488,0.966,2.156,,,0.994323463,0,0.003915888,0.000425571,0.001335078,,1816.262078,1805.952,0,7.112278274,0.77294895,2.424851216,,,9.072761768,0,601.984,665.842,4.445173921,1.288248249,1.732036583,1.02,0.675,0.745,1.632,0.405,1.043,0,0,0,0,0,0.6,0,0,0,0,0,0,0,0,0,0,1.4,0,0,1.6,3,0,0.93,1.61,1.54
Na1.8Al0.8Ti1.2(PO4)3,0.8,-6.920818754,0.00000012,0,0.55,8.48202,21.61877,0.39234517,11.99538772,24.72368385,1346.977053,,1.674,1.288,1.848,,,0.99388554,0,0.004403433,0.000567178,0.001143848,,1817.062356,1805.952,0,8.001313058,1.0305986,2.0784439,,,9.072761768,0,601.984,665.842,4.445173921,1.288248249,1.732036583,1.02,0.675,0.745,1.836,0.54,0.894,0,0,0,0,0,0.8,0,0,0,0,0,0,0,0,0,0,1.2,0,0,1.8,3,0,0.93,1.61,1.54
Na1.9Al0.9Ti1.1(PO4)3,0.9,-6.886056648,0.00000013,0,0.51,8.48461,21.59946,0.392815839,11.99905053,24.7085792,1346.59592,,1.767,1.449,1.694,,,0.993666723,0,0.004647045,0.000637935,0.001048297,,1817.462494,1805.952,0,8.44583045,1.159423424,1.905240241,,,9.072761768,0,601.984,665.842,4.445173921,1.288248249,1.732036583,1.02,0.675,0.745,1.938,0.6075,0.8195,0,0,0,0,0,0.9,0,0,0,0,0,0,0,0,0,0,1.1,0,0,1.9,3,0,0.93,1.61,1.54
Na1.4In0.4Ti1.6(PO4)3,0.4,-7.730487056,1.86E-08,0,0.535,8.57531,21.90484,0.391480148,12.1273197,25.03784932,1394.987688,,1.302,0.712,2.464,,,0.994281815,0,0.003426258,0.000766188,0.001525739,,1816.338158,1805.952,0,6.223243489,1.391655674,2.771258533,,,9.072761768,0,601.984,665.842,4.445173921,3.479139185,1.732036583,1.02,0.94,0.745,1.428,0.376,1.192,0,0,0,0,0,0,0.4,0,0,0,0,0,0,0,0,0,1.6,0,0,1.4,3,0,0.93,1.78,1.54
Na1.4In0.4Sn1.6(PO4)3,0.4,-7.565431096,2.72E-08,0,0.53,8.66622,22.34855,0.387775493,12.25588586,25.48851556,1453.581551,,1.302,0.712,3.136,,,0.993701411,0,0.003424258,0.00076574,0.00210859,,1817.399049,1805.952,0,6.223243489,1.391655674,3.832150019,,,9.072761768,0,601.984,665.842,4.445173921,3.479139185,2.395093762,1.02,0.94,0.83,1.428,0.376,1.328,0,0,0,0,0,0,0.4,0,0,0,0,0,0,1.6,0,0,0,0,0,1.4,3,0,0.93,1.78,1.96
Na1.4In0.4Hf1.6(PO4)3,0.4,-6.730487056,0.000000186,0,0.405,8.81821,22.61572,0.389915068,12.47083218,25.8261969,1523.007088,,1.302,0.712,2.08,,,0.993546288,0,0.003423724,0.000765621,0.002264367,,1817.682801,1805.952,0,6.223243489,1.391655674,4.115901779,,,9.072761768,0,601.984,665.842,4.445173921,3.479139185,2.572438612,1.02,0.94,0.85,1.428,0.376,1.36,0,0,0,0,0,0,0.4,0,0,0,0,0,0,0,1.6,0,0,0,0,1.4,3,0,0.93,1.78,1.3
Na2.5Sc0.2Zr1.8(SiO4)1.3(PO4)1.7,0.2,-3.496209317,0.000319,1,0.3,8.99,22.878,0.39295393,12.71377993,26.17332772,1601.282918,,2.325,0.272,2.394,,,0.537074791,0.454271444,0.005832163,0.000304754,0.002516848,,1905.456775,1023.3728,865.5946,11.1129348,0.580694951,4.795745206,,,6.829726943,6.176783563,601.984,665.842,4.445173921,2.903474757,2.664302892,1.02,0.885,0.86,2.55,0.177,1.548,0,0.2,0,0,0,0,0,0,0,0,0,0,0,0,0,0,0,1.8,1.3,2.5,1.7,0,0.93,1.36,1.33
Na3Sc1.5Zr0.5(SiO4)0.5(PO4)2.5,1.5,-3.931814138,0.000117,1,0.33,8.937,22.447,0.398137836,12.63882661,25.76058514,1552.646019,,2.79,2.04,0.665,,,0.810467366,0.179288224,0.00718159,0.002345416,0.000717405,,1856.903885,1504.96,332.921,13.33552176,4.355212135,1.332151446,,,8.282260465,3.830678549,601.984,665.842,4.445173921,2.903474757,2.664302892,1.02,0.885,0.86,3.06,1.3275,0.43,0,1.5,0,0,0,0,0,0,0,0,0,0,0,0,0,0,0,0.5,0.5,3,2.5,0,0.93,1.36,1.33
Na3ScZr(SiO4)2(PO4),1,-3.739928612,0.000182,1,0.31,8.985,22.612,0.397355387,12.70670886,25.93767518,1580.904994,,2.79,1.36,1.33,,,0.30830321,0.682015556,0.006829723,0.001487001,0.00136451,,1952.571299,601.984,1331.684,13.33552176,2.903474757,2.664302892,,,5.238161449,7.661357099,601.984,665.842,4.445173921,2.903474757,2.664302892,1.02,0.885,0.86,3.06,0.885,0.86,0,1,0,0,0,0,0,0,0,0,0,0,0,0,0,0,0,1,2,3,1,0,0.93,1.36,1.33
Na3Sc0.8Zr1.2(SiO4)1.2(PO4)1.8,0.8,-3.847711656,0.000142,1,0.32,8.999,22.717,0.396135053,12.72650785,26.03893414,1593.199324,,2.79,1.088,1.596,,,0.569869611,0.420213961,0.007013391,0.001221592,0.001681446,,1901.437065,1083.5712,799.0104,13.33552176,2.322779805,3.19716347,,,7.027731046,5.93446169,601.984,665.842,4.445173921,2.903474757,2.664302892,1.02,0.885,0.86,3.06,0.708,1.032,0,0.8,0,0,0,0,0,0,0,0,0,0,0,0,0,0,0,1.2,1.2,3,1.8,0,0.93,1.36,1.33
Na3.5Sc0.5Zr1.5(SiO4)2(PO4),0.5,-3.311580178,0.000488,1,0.32,9.095,22.548,0.403361717,12.86227235,25.95862774,1615.266048,,3.255,0.68,1.995,,,0.307971512,0.681281787,0.007959438,0.0007427,0.002044563,,1954.6743,601.984,1331.684,15.55810872,1.451737378,3.996454338,,,5.238161449,7.661357099,601.984,665.842,4.445173921,2.903474757,2.664302892,1.02,0.885,0.86,3.57,0.4425,1.29,0,0.5,0,0,0,0,0,0,0,0,0,0,0,0,0,0,0,1.5,2,3.5,1,0,0.93,1.36,1.33
Na2.7Sc0.2Zr1.8(SiO4)1.5(PO4)1.5,0.2,-4.05207638,0.0000887,1,0.4,9.021,22.651,0.398260562,12.75762055,25.9966283,1596.347283,,2.511,0.272,2.394,,,0.470516288,0.520428294,0.006253901,0.000302584,0.002498933,,1919.11741,902.976,998.763,12.00196959,0.580694951,4.795745206,,,6.41541137,6.634929875,601.984,665.842,4.445173921,2.903474757,2.664302892,1.02,0.885,0.86,2.754,0.177,1.548,0,0.2,0,0,0,0,0,0,0,0,0,0,0,0,0,0,0,1.8,1.5,2.7,1.5,0,0.93,1.36,1.33
Na1.25Sn0.25Ge1.75(PO4)3,0.25,-5.15490196,7.00E-06,1,0.61,8.142,21.602,0.376909545,11.51452682,24.47918977,1240.1859,,,,,,,,,,,,,,,,5.334208705,0.34401353,2.204706077,,,,,,,4.445173921,1.376054119,1.259832044,1.02,0.69,0.67,1.224,0.1725,1.1725,0,0,0,0,0,0,0,0,0,0,0,0,0,0.25,0,1.75,0,0,0,1.2,3,0,,,
Na1.5Sn0.5Ge1.5(PO4)3,0.5,-4.076238039,8.39E-05,1,0.52,8.221,21.772,0.377595076,11.6262497,24.68176789,1274.31928,,,,,,,,,,,,,,,,6.667760881,0.68802706,1.889748066,,,,,,,4.445173921,1.376054119,1.259832044,1.02,0.69,0.67,1.53,0.345,1.005,0,0,0,0,0,0,0,0,0,0,0,0,0,0.5,0,1.5,0,0,0,1.5,3,0,,,
Na1.75Sn0.75Ge1.25(PO4)3,0.75,-4.920818754,1.20E-05,1,0.58,8.151,21.612,0.377151582,11.52725475,24.49400225,1243.504545,,,,,,,,,,,,,,,,7.779054362,1.032040589,1.574790055,,,,,,,4.445173921,1.376054119,1.259832044,1.02,0.69,0.67,1.785,0.5175,0.8375,0,0,0,0,0,0,0,0,0,0,0,0,0,0.75,0,1.25,0,0,0,1.75,3,0,,,
Na1.3Al0.3Zr1.7(PO4)3 ,0.3,-4.920818754,6.30E-05,1,0.48,8.762,22.7779,0.384671107,12.39133923,25.93025292,1514.435604,,,,,,,,,,,,,,,,5.778726097,0.386474475,4.529314916,,,,,,,4.445173921,1.288248249,2.664302892,1.02,0.675,0.86,1.326,0.2025,1.462,0,0,0,0,0,0.3,0,0,0,0,0,0,0,0,0,0,0,1.7,0,1.3,3,0,,,
Na1.3Al0.3Ti1.7(PO4)3 ,0.3,-4.920818754,1.40E-05,1,0.53,8.4614,21.7911,0.388296139,11.96622664,24.86046297,1351.12098,,,,,,,,,,,,,,,,5.778726097,0.386474475,2.944462191,,,,,,,4.445173921,1.288248249,1.732036583,1.02,0.675,0.745,1.326,0.2025,1.2665,0,0,0,0,0,0.3,0,0,0,0,0,0,0,0,0,0,1.7,0,0,1.3,3,0,,,
,,,,,,,,,,,,,,,,,,,,,,,,,,,,,,,,,,,,,,,,,,,,,,,,,,,,,,,,,,,,,,,,,,,,,
,,,,,,,,,,,,,,,,,,,,,,,,,,,,,,,,,,,,,,,,,,,,,,,,,,,,,,,,,,,,,,,,,,,,,
,,,,,,,,,,,,,,,,,,,,,,,,,,,,,,,,,,,,,,,,,,,,,,,,,,,,,,,,,,,,,,,,,,,,,
,,,,,,,,,,,,,,,,,,,,,,,,,,,,,,,,,,,,,,,,,,,,,,,,,,,,,,,,,,,,,,,,,,,,,
Test Data,,,,,,,,,,,,,,,,,,,,,,,,,,,,,,,,,,,,,,,,,,,,,,,,,,,,,,,,,,,,,,,,,,,,,
Formula,S,Ea,a,c,a/c,Vcalc,D1ionicr,D2ionicr,D3ionicr,D1eff,D2eff,D3eff,D1volperatom,D2volperatom,D3volperatom,D1vol,D2vol,D3vol,Zr,Na,Sn,Ge,PO4,V,Mg,Mn,Fe,Al,Ni,Cr,SiO4,Ti,Sc,Hf,In,,,,,,,,,,,,,,,,,,,,,,,,,,,,,,,,,,
Na3MgZr(PO4)3,1.00E-06,0.4,8.906,22.467,0.396403614,1543.267103,1.02,0.86,1.33,3.06,0.86,1.33,4.445173921,2.664302892,9.854694497,13.33552176,2.664302892,9.854694497,1,3,0,0,3,0,1,0,0,0,0,0,0,0,0,0,0,,,,,,,,,,,,,,,,,,,,,,,,,,,,,,,,,,
Na3MnZr(PO4)3,1.80E-06,0.38,8.98,22.594,0.397450651,1577.888931,1.02,0.72,1.33,3.06,0.72,1.33,4.445173921,1.563456246,9.854694497,13.33552176,1.563456246,9.854694497,1,3,0,0,3,0,0,1,0,0,0,0,0,0,0,0,0,,,,,,,,,,,,,,,,,,,,,,,,,,,,,,,,,,
Na3V2(PO4)3,3.00E-08,0.871,8.729,21.8302,0.399858911,1440.513502,1.02,0.72,0.72,3.06,0.72,0.72,4.445173921,1.563456246,1.563456246,13.33552176,1.563456246,1.563456246,0,3,0,0,3,2,0,0,0,0,0,0,0,0,0,0,0,,,,,,,,,,,,,,,,,,,,,,,,,,,,,,,,,,
Na3V1.9Fe0.1(PO4)3,2.00E-06,0.487,8.7412,21.792,0.401119677,1442.015193,1.02,0.72,0.69,3.06,1.368,0.069,4.445173921,1.563456246,1.376054119,13.33552176,2.970566867,0.137605412,0,3,0,0,3,1.9,0,0,0.1,0,0,0,0,0,0,0,0,,,,,,,,,,,,,,,,,,,,,,,,,,,,,,,,,,
Na3V1.9Al0.1(PO4)3,1.00E-07,0.777,8.7233,21.78824,0.400367354,1435.86761,1.02,0.72,0.675,3.06,1.368,0.072,4.445173921,1.563456246,1.288248249,13.33552176,2.970566867,0.128824825,0,3,0,0,3,1.9,0,0,0,0.1,0,0,0,0,0,0,0,,,,,,,,,,,,,,,,,,,,,,,,,,,,,,,,,,
Na3.1V1.9Ni0.1(PO4)3,1.20E-06,0.56,8.7432,21.79113,0.401227472,1442.617543,1.02,0.72,0.62,3.06,1.368,0.072,4.445173921,1.563456246,0.998305149,13.33552176,2.970566867,0.099830515,0,3,0,0,3,1.9,0,0,0,0,0.1,0,0,0,0,0,0,,,,,,,,,,,,,,,,,,,,,,,,,,,,,,,,,,
Na3V1.9Cr0.1(PO4)3,4.00E-08,0.85,8.7424,21.78684,0.401269757,1442.069602,1.02,0.72,0.69,3.06,1.368,0.072,4.445173921,1.563456246,1.376054119,13.33552176,2.970566867,0.137605412,0,3,0,0,3,1.9,0,0,0,0,0,0.1,0,0,0,0,0,,,,,,,,,,,,,,,,,,,,,,,,,,,,,,,,,,
Na1.2Zr1.8Fe0.2(PO4)3,2.54E-06,0.093,8.835,22.782,0.387806163,1540.052716,1.02,0.86,0.69,1.224,1.548,0.138,4.445173921,2.664302892,1.376054119,5.334208705,4.795745206,0.275210824,1.8,1.2,0,0,3,0,0,0,0.2,0,0,0,0,0,0,0,0,,,,,,,,,,,,,,,,,,,,,,,,,,,,,,,,,,
Na3.4Sc2(SiO4)0.4(PO4)2.6 ,4.00E-03,0.34,8.982,22.2,0.404594595,1551.063963,1.02,0.885,0.885,3.468,0.885,0.885,4.445173921,2.903474757,2.903474757,15.11359133,2.903474757,2.903474757,0,3.4,0,0,2.6,0,0,0,0,0,0,0,0.4,0,2,0,0,,,,,,,,,,,,,,,,,,,,,,,,,,,,,,,,,,
Na3Al2(PO4)3,3.00E-08,0.7,8.471,21.167,0.400198422,1315.404445,1.02,0.675,0.675,3.06,0.675,0.675,4.445173921,1.288248249,1.288248249,13.33552176,1.288248249,1.288248249,0,3,0,0,3,0,0,0,0,2,0,0,0,0,0,0,0,,,,,,,,,,,,,,,,,,,,,,,,,,,,,,,,,,
NaAlSb(PO4)3,2.12E-08,0.87,8.292,21.86,0.379322964,1301.665446,1.02,0.675,0.9,1.02,0.675,0.9,4.445173921,1.288248249,3.05362548,4.445173921,1.288248249,3.05362548,0,1,0,0,3,0,0,0,0,1,0,0,0,0,0,0,0,,,,,,,,,,,,,,,,,,,,,,,,,,,,,,,,,,
